date,id
20180801,6194
20180801,6195
20180801,6196
20180801,6197
20180801,6198
20180801,6199
20180801,6200
20180801,6201
20180801,6202
20180801,6203
20180801,6204
20180801,6205
20180801,6206
20180801,6207
20180801,6208
20180801,6209
20180801,6210
20180801,6211
20180801,6212
20180801,6213
20180801,6214
20180801,6215
20180801,6216
20180801,6217
20180801,6218
20180801,6356
20180801,6219
20180801,6220
20180801,6221
20180801,6222
20180801,6223
20180801,6224
20180801,6225
20180801,6226
20180801,6227
20180801,6228
20180801,6229
20180801,6230
20180801,6231
20180801,6232
20180801,6233
20180801,6234
20180801,6235
20180801,6236
20180801,6237
20180801,6238
20180801,6239
20180801,6240
20180801,6241
20180801,6242
20180801,6243
20180801,6244
20180801,6245
20180801,6246
20180801,6247
20180801,6248
20180801,6249
20180801,6250
20180801,6251
20180801,6252
20180801,6253
20180801,6254
20180801,6255
20180801,6256
20180801,6257
20180801,6258
20180801,6259
20180801,6260
20180801,6261
20180801,6262
20180801,6263
20180801,6264
20180801,6265
20180801,6266
20180801,6357
20180801,6267
20180801,6268
20180801,6269
20180801,6270
20180801,6271
20180801,6272
20180801,6273
20180801,6274
20180801,6275
20180801,6276
20180801,6277
20180801,6278
20180801,6279
20180801,6280
20180801,6281
20180801,6282
20180801,6283
20180801,6284
20180801,6285
20180801,6286
20180801,6287
20180801,6288
20180801,6289
20180801,6290
20180801,6291
20180801,6292
20180801,6293
20180801,6294
20180801,6295
20180801,6296
20180801,6297
20180801,6298
20180801,6299
20180801,6300
20180801,6301
20180801,6302
20180801,6303
20180801,6304
20180801,6305
20180801,6306
20180801,6307
20180801,6308
20180801,6309
20180801,6310
20180801,6311
20180801,6312
20180801,6313
20180801,6314
20180801,6315
20180801,6316
20180801,6317
20180801,6318
20180801,6319
20180801,6320
20180801,6321
20180801,6322
20180801,6323
20180801,6324
20180801,6325
20180801,6326
20180801,6327
20180801,6328
20180801,6329
20180801,6330
20180801,6331
20180801,6332
20180801,6333
20180801,6334
20180801,6335
20180801,6336
20180801,6337
20180801,6338
20180801,6358
20180801,6339
20180801,6359
20180801,6340
20180801,6341
20180801,6360
20180801,6342
20180801,6361
20180801,6343
20180801,6344
20180801,6362
20180801,6345
20180801,6363
20180801,6346
20180801,6347
20180801,6348
20180801,6349
20180801,6350
20180801,6351
20180801,6352
20180801,6353
20180801,6354
20180801,6355
20180801,6364
20180801,6365
20180801,6366
20180801,6367
20180801,6368
20180801,6369
20180801,6370
20180801,6371
20180801,6372
20180801,6373
20180801,6374
20180801,6375
20180801,6376
20180801,6377
20180801,6378
20180801,6379
20180801,6380
20180801,6381
20180801,6382
20180801,6383
20180801,6384
20180801,6385
20180801,6386
20180801,6387
20180801,6388
20180801,6389
20180801,6390
20180801,6391
20180801,6392
20180801,6393
20180801,6394
20180801,6395
20180801,6396
20180801,6397
20180801,6398
20180801,6399
20180801,6400
20180801,6401
20180801,6402
20180801,6403
20180801,6404
20180801,6405
20180801,6406
20180801,6407
20180801,6408
20180801,6409
20180801,6410
20180801,6411
20180801,6412
20180801,6413
20180801,6414
20180801,6415
20180801,6416
20180801,6417
20180801,6418
20180801,6419
20180801,6420
20180801,6421
20180801,6422
20180801,6423
20180801,6424
20180801,6425
20180801,6426
20180801,6427
20180801,6428
20180801,6429
20180801,6430
20180801,6431
20180801,6432
20180801,6433
20180801,6434
20180801,6435
20180801,6436
20180801,6437
20180801,6438
20180801,6439
20180801,6440
20180801,6441
20180801,6442
20180801,6443
20180801,6444
20180801,6445
20180801,6446
20180801,6447
20180801,6448
20180801,6449
20180801,6450
20180801,6451
20180801,6452
20180801,6453
20180801,6454
20180801,6455
20180801,6456
20180801,6457
20180801,6458
20180801,6459
20180801,6460
20180801,6461
20180801,6462
20180801,6463
20180801,6464
20180801,6465
20180801,6466
20180801,6467
20180801,6468
20180801,6469
20180801,6470
20180801,6471
20180801,6472
20180801,6473
20180801,6474
20180801,6475
20180801,6476
20180801,6477
20180801,6478
20180801,6479
20180801,6480
20180801,6481
20180801,6482
20180801,6483
20180801,6484
20180801,6485
20180801,6486
20180801,6487
20180801,6488
20180801,6489
20180801,6490
20180801,6491
20180801,6492
20180801,6493
20180801,6494
20180801,6495
20180801,6496
20180801,6497
20180801,6498
20180801,6499
20180801,6500
20180801,6501
20180801,6502
20180801,6503
20180801,6504
20180801,6505
20180801,6506
20180801,6507
20180801,6508
20180801,6509
20180801,6510
20180801,6511
20180801,6512
20180801,6513
20180801,6514
20180801,6515
20180801,6516
20180801,6517
